{"cameraMode":{"drawMode":0,"name":"Shaded","section":"Shading Mode"},"sceneLighting":true,"audioPlay":false,"sceneViewState":{"showFog":true,"showMaterialUpdate":false,"showSkybox":true,"showFlares":true,"showImageEffects":true,"showParticleSystems":true},"in2DMode":false,"pivot":{"x":1.0,"y":1.4249999523162842,"z":0.7999999523162842},"rotation":{"x":0.26722028851509097,"y":0.5441734194755554,"z":-0.18829771876335145,"w":0.7727354764938355},"size":3.866024971008301,"orthographic":false}