{"cameraMode":{"drawMode":0,"name":"Shaded","section":"Shading Mode"},"sceneLighting":true,"audioPlay":false,"sceneViewState":{"showFog":true,"showMaterialUpdate":false,"showSkybox":true,"showFlares":true,"showImageEffects":true,"showParticleSystems":true},"in2DMode":false,"pivot":{"x":0.0303291454911232,"y":-0.09172676503658295,"z":0.4059792160987854},"rotation":{"x":0.031425755470991138,"y":0.06568174809217453,"z":-0.0021061128936707975,"w":0.9973675012588501},"size":0.10997110605239868,"orthographic":true}