{"cameraMode":{"drawMode":0,"name":"Shaded","section":"Shading Mode"},"sceneLighting":true,"audioPlay":false,"sceneViewState":{"showFog":true,"showMaterialUpdate":false,"showSkybox":true,"showFlares":true,"showImageEffects":true,"showParticleSystems":true},"in2DMode":false,"pivot":{"x":-0.13057726621627809,"y":-0.13819721341133119,"z":0.7290183305740356},"rotation":{"x":0.05042830854654312,"y":-0.14652039110660554,"z":0.007468273863196373,"w":0.9879041314125061},"size":0.252133846282959,"orthographic":true}