{"cameraMode":{"drawMode":0,"name":"Shaded","section":"Shading Mode"},"sceneLighting":true,"audioPlay":false,"sceneViewState":{"showFog":true,"showMaterialUpdate":false,"showSkybox":true,"showFlares":true,"showImageEffects":true,"showParticleSystems":true},"in2DMode":false,"pivot":{"x":-0.21720001101493836,"y":0.0,"z":1.1923999786376954},"rotation":{"x":0.23726268112659455,"y":0.12208451330661774,"z":-0.030140552669763566,"w":0.963310182094574},"size":0.7638366222381592,"orthographic":true}