{"cameraMode":{"drawMode":0,"name":"Shaded","section":"Shading Mode"},"sceneLighting":true,"audioPlay":false,"sceneViewState":{"showFog":true,"showMaterialUpdate":false,"showSkybox":true,"showFlares":true,"showImageEffects":true,"showParticleSystems":true},"in2DMode":false,"pivot":{"x":-0.43299999833106997,"y":0.1615999937057495,"z":0.27959996461868288},"rotation":{"x":-0.017955750226974489,"y":0.07157650589942932,"z":-0.0012574618449434639,"w":-0.9972915649414063},"size":0.20405374467372895,"orthographic":true}