{"cameraMode":{"drawMode":0,"name":"Shaded","section":"Shading Mode"},"sceneLighting":true,"audioPlay":false,"sceneViewState":{"showFog":true,"showMaterialUpdate":false,"showSkybox":true,"showFlares":true,"showImageEffects":true,"showParticleSystems":true},"in2DMode":false,"pivot":{"x":0.06660666316747666,"y":0.007200717926025391,"z":0.6005046367645264},"rotation":{"x":0.010476268827915192,"y":0.06303562223911286,"z":-0.0007328049978241324,"w":0.9979956150054932},"size":1.5603506565093995,"orthographic":false}