{"cameraMode":{"drawMode":0,"name":"Shaded","section":"Shading Mode"},"sceneLighting":true,"audioPlay":false,"sceneViewState":{"showFog":true,"showMaterialUpdate":false,"showSkybox":true,"showFlares":true,"showImageEffects":true,"showParticleSystems":true},"in2DMode":false,"pivot":{"x":-4.3900146484375,"y":1.92999267578125,"z":8.095332145690918},"rotation":{"x":0.09137718379497528,"y":0.004556088242679834,"z":-0.0004814354469999671,"w":0.9958534240722656},"size":1.9444137811660767,"orthographic":false}