{"cameraMode":{"drawMode":0,"name":"Shaded","section":"Shading Mode"},"sceneLighting":true,"audioPlay":false,"sceneViewState":{"showFog":true,"showMaterialUpdate":false,"showSkybox":true,"showFlares":true,"showImageEffects":true,"showParticleSystems":true},"in2DMode":false,"pivot":{"x":0.019929997622966768,"y":-0.012959999032318592,"z":0.2924000024795532},"rotation":{"x":0.2151602953672409,"y":0.07468962669372559,"z":-0.016576923429965974,"w":0.973613440990448},"size":0.22770848870277406,"orthographic":true}