{"cameraMode":{"drawMode":0,"name":"Shaded","section":"Shading Mode"},"sceneLighting":true,"audioPlay":false,"sceneViewState":{"showFog":true,"showMaterialUpdate":false,"showSkybox":true,"showFlares":true,"showImageEffects":true,"showParticleSystems":true},"in2DMode":false,"pivot":{"x":-0.05809333175420761,"y":0.05720071867108345,"z":0.2929046154022217},"rotation":{"x":0.10777748376131058,"y":0.017965389415621759,"z":-0.0020233162213116886,"w":0.9940535426139832},"size":0.060350626707077029,"orthographic":false}