{"cameraMode":{"drawMode":0,"name":"Shaded","section":"Shading Mode"},"sceneLighting":true,"audioPlay":false,"sceneViewState":{"showFog":true,"showMaterialUpdate":false,"showSkybox":true,"showFlares":true,"showImageEffects":true,"showParticleSystems":true},"in2DMode":false,"pivot":{"x":0.019929997622966768,"y":-0.012959999032318592,"z":0.2924000024795532},"rotation":{"x":0.11716597527265549,"y":0.1322450488805771,"z":-0.015812115743756295,"w":0.9841764569282532},"size":0.02160000242292881,"orthographic":true}