{"cameraMode":{"drawMode":0,"name":"Shaded","section":"Shading Mode"},"sceneLighting":true,"audioPlay":false,"sceneViewState":{"showFog":true,"showMaterialUpdate":false,"showSkybox":true,"showFlares":true,"showImageEffects":true,"showParticleSystems":true},"in2DMode":false,"pivot":{"x":0.10100001096725464,"y":0.025200001895427705,"z":-0.015100047923624516},"rotation":{"x":0.2376604974269867,"y":0.018703540787100793,"z":-0.004589843563735485,"w":0.9711655378341675},"size":0.20156601071357728,"orthographic":true}