{"cameraMode":{"drawMode":0,"name":"Shaded","section":"Shading Mode"},"sceneLighting":true,"audioPlay":false,"sceneViewState":{"showFog":true,"showMaterialUpdate":false,"showSkybox":true,"showFlares":true,"showImageEffects":true,"showParticleSystems":true},"in2DMode":false,"pivot":{"x":-0.01560000330209732,"y":-0.01939999870955944,"z":0.2990000247955322},"rotation":{"x":-0.04676644876599312,"y":0.2240840196609497,"z":0.010732118971645832,"w":0.9734123945236206},"size":0.06690561026334763,"orthographic":true}