{"cameraMode":{"drawMode":0,"name":"Shaded","section":"Shading Mode"},"sceneLighting":true,"audioPlay":false,"sceneViewState":{"showFog":true,"showMaterialUpdate":false,"showSkybox":true,"showFlares":true,"showImageEffects":true,"showParticleSystems":true},"in2DMode":false,"pivot":{"x":0.1419999897480011,"y":0.0003352351486682892,"z":0.5119999647140503},"rotation":{"x":0.14493851363658906,"y":0.026470869779586793,"z":-0.003913284279406071,"w":0.9891029596328735},"size":0.22057336568832398,"orthographic":true}