{"cameraMode":{"drawMode":0,"name":"Shaded","section":"Shading Mode"},"sceneLighting":true,"audioPlay":false,"sceneViewState":{"showFog":true,"showMaterialUpdate":false,"showSkybox":true,"showFlares":true,"showImageEffects":true,"showParticleSystems":true},"in2DMode":false,"pivot":{"x":0.0,"y":-0.03689999878406525,"z":0.21899999678134919},"rotation":{"x":0.16864292323589326,"y":0.02341514453291893,"z":-0.004018829669803381,"w":0.9853982925415039},"size":0.0388762503862381,"orthographic":true}