{"cameraMode":{"drawMode":0,"name":"Shaded","section":"Shading Mode"},"sceneLighting":true,"audioPlay":false,"sceneViewState":{"showFog":true,"showMaterialUpdate":false,"showSkybox":true,"showFlares":true,"showImageEffects":true,"showParticleSystems":true},"in2DMode":false,"pivot":{"x":0.22419998049736024,"y":-0.03700000047683716,"z":-0.020800113677978517},"rotation":{"x":0.10003744065761566,"y":-0.07628048956394196,"z":0.00768003985285759,"w":0.9920361638069153},"size":0.09600000828504563,"orthographic":true}