{"cameraMode":{"drawMode":0,"name":"Shaded","section":"Shading Mode"},"sceneLighting":true,"audioPlay":false,"sceneViewState":{"showFog":true,"showMaterialUpdate":false,"showSkybox":true,"showFlares":true,"showImageEffects":true,"showParticleSystems":true},"in2DMode":false,"pivot":{"x":-0.01560000330209732,"y":-0.01939999870955944,"z":0.2990000247955322},"rotation":{"x":0.0975370854139328,"y":0.32772916555404665,"z":-0.03407658636569977,"w":0.939130961894989},"size":0.06690561026334763,"orthographic":true}